gnbid,type,timestamp,MM5G_NULL,SM5G_PDU_SESSION_INACTIVE,MM5G_DEREGISTERED,MM5G_REGISTERED_INITIATED,MM5G_REGISTERED,SM5G_PDU_SESSION_ACTIVE_PENDING,SM5G_PDU_SESSION_ACTIVE,DataPlaneReady
0000000243,5,1764489382640074000,0.068864,0.077312,0.829952,27.419392,204.250368,225.010176,456.004864,5478.328064
0000000043,3,1764489382643690200,0.058112,0.059392,0.653568,23.414272,179.941888,200.935168,429.578752,5452.503552
0000000343,6,1764489382771055900,0.029696,0.030464,0.636672,30.263808,85.16992,106.101504,338.687232,5360.845824
0000000443,7,1764489382771229200,0.036352,0.037632,0.473856,31.968,84.057856,105.06112,341.469696,5363.775232
0000000143,4,1764489382778885600,0.048384,0.04992,0.604416,27.295488,76.893696,97.936384,335.18208,5358.14528
0000000244,5,1764489383140061000,0.046848,0.04736,1.172992,186.133504,273.678848,294.393344,517.408512,539.37408
0000000044,3,1764489383143742500,0.041216,0.04224,1.196288,151.47776,245.59616,266.43072,492.731136,514.427136
0000000344,6,1764489383271191800,0.029696,0.029952,0.511488,63.327232,143.99104,164.561152,400.555776,422.09792
0000000444,7,1764489383271384000,0.050176,0.051456,0.347648,81.192448,148.371712,168.92032,399.604224,421.756416
0000000144,4,1764489383279214600,0.035072,0.03584,0.288512,71.032576,140.084992,160.824576,393.32736,414.784512
0000000245,5,1764489383640218400,0.027136,0.027392,0.512512,34.256384,1278.060032,1298.546944,1367.708672,1389.79328
0000000045,3,1764489383644233000,0.020224,0.02048,0.32768,211.879168,257.71392,278.247936,496.819456,518.888448
0000000345,6,1764489383771296000,0.028672,0.028928,0.262144,127.86688,179.5456,200.090368,423.0464,444.676608
0000000445,7,1764489383771400200,0.0192,0.019712,0.209408,123.923712,181.974528,202.462208,423.75552,445.537024
0000000145,4,1764489383779389400,0.0192,0.019712,0.22528,120.690432,171.32288,191.798784,412.754688,434.578176
0000000246,5,1764489384140257300,0.028672,0.028928,0.256768,795.567616,895.504896,916.08832,961.804288,983.744768
0000000046,3,1764489384144299300,0.050944,0.0512,0.241152,216.140032,258.09408,278.72384,496.765696,518.917376
0000000346,6,1764489384271424800,0.059648,0.06016,1.077504,144.96896,185.61536,206.170368,433.632,455.504384
0000000446,7,1764489384271587300,0.038144,0.038656,0.439808,149.09184,188.886528,209.480192,431.670528,453.275904
0000000146,4,1764489384279504000,0.02176,0.022272,0.322304,136.622336,176.846592,197.305344,425.032448,447.29216
0000000247,5,1764489384640394500,0.036096,0.036864,0.372992,316.631808,422.521856,443.048192,511.028736,533.219584
0000000047,3,1764489384644380200,0.02176,0.022272,0.278784,219.921664,253.341184,274.485504,507.124224,528.715008
0000000347,6,1764489384771503400,0.02176,0.022272,0.287744,154.375424,199.113216,219.659008,442.99904,464.593408
0000000447,7,1764489384771786000,0.0576,0.057856,0.22528,151.134208,200.488704,221.04576,443.791872,465.335808
0000000147,4,1764489384779579400,0.020224,0.02048,0.29056,156.502272,194.578432,215.472384,434.36928,456.463872
0000000248,5,1764489385140442400,0.023808,0.024064,0.279296,28.735744,264.249856,284.80896,523.107584,545.781248
0000000048,3,1764489385144419800,0.02176,0.022016,0.20992,22.884352,259.951616,281.121536,519.234304,541.621504
0000000348,6,1764489385271544800,0.021248,0.021504,0.263936,166.755584,201.777664,222.285312,448.757248,469.878784
0000000448,7,1764489385271847400,0.029952,0.030208,0.31104,172.384768,212.474624,233.267456,461.361408,483.199744
0000000148,4,1764489385279696400,0.035328,0.036864,0.252928,157.955584,194.631168,215.378688,438.0416,460.23936
0000000249,5,1764489385640556800,0.026112,0.026624,0.29824,38.340608,276.061184,296.575744,522.394112,543.54304
0000000049,3,1764489385644533500,0.021504,0.022016,0.239872,34.48192,271.635968,292.204032,517.007104,539.516416
0000000349,6,1764489385771634700,0.059904,0.06912,0.264192,174.972416,214.150912,234.658304,454.046208,481.725952
0000000449,7,1764489385771914000,0.019456,0.019968,0.288768,186.294272,228.235776,248.713728,475.19232,497.058816
0000000149,4,1764489385779793400,0.020224,0.020736,0.227584,159.74912,199.207424,220.034048,446.505472,473.508864
0000000250,5,1764489386140673000,0.040448,0.04096,1.121536,36.619776,279.750144,300.191744,523.886592,545.957888
0000000050,3,1764489386144637000,0.024832,0.025088,0.290304,32.229888,275.38048,295.952896,519.819776,541.773824
0000000350,6,1764489386271748900,0.023296,0.023552,0.287232,172.180736,217.928704,238.37824,457.367808,479.191808
0000000450,7,1764489386272036600,0.02944,0.030208,0.210432,203.236096,244.15616,264.598272,487.382528,509.987584
0000000150,4,1764489386279933200,0.019712,0.019968,0.229888,163.345664,209.912576,231.455488,450.597376,472.189696
0000000251,5,1764489386640803600,0.035328,0.03584,0.320768,39.348224,275.862784,296.261376,519.140608,540.746752
0000000051,3,1764489386644728600,0.022016,0.022272,0.228608,34.785536,271.20256,291.839232,514.323456,536.164096
0000000351,6,1764489386771849000,0.021504,0.02176,0.236544,177.95968,220.65152,241.718784,466.024704,487.546368
0000000451,7,1764489386772495000,0.020736,0.020992,0.554752,215.793664,251.38304,271.908608,495.855872,517.55776
0000000151,4,1764489386780027000,0.01536,0.015616,0.694272,169.761792,212.042496,232.569856,457.122048,479.21024
0000000252,5,1764489387141049600,0.039168,0.039424,0.396544,34.771456,277.25312,297.854208,516.00896,537.967616
0000000052,3,1764489387144952800,0.043264,0.044032,0.91648,30.625792,273.61024,294.180864,510.623488,532.335104
0000000352,6,1764489387271943200,0.022784,0.02304,0.248832,185.961728,226.115072,246.758144,469.008384,490.915584
0000000452,7,1764489387273061400,0.02304,0.023552,0.186112,217.288704,261.590528,282.052352,505.895168,528.100352
0000000152,4,1764489387280050400,0.020224,0.020736,0.274432,177.71136,219.172352,239.664896,462.363392,484.513792
0000000253,5,1764489387641113600,0.024832,0.025088,1.1584,30.833152,275.591424,296.084224,520.179712,5542.607616
0000000053,3,1764489387644950800,0.022272,0.022784,0.237568,26.639872,269.713664,290.345216,515.58272,5537.630208
0000000353,6,1764489387772046000,0.03072,0.030976,0.299776,190.1952,229.145344,249.762816,478.099968,500.5504
0000000453,7,1764489387773164300,0.022272,0.022784,0.49792,21.6448,261.668352,282.738688,506.70336,529.471488
0000000153,4,1764489387780103200,0.021248,0.02176,1.042176,181.200384,226.464256,247.065088,472.593152,5494.86976
0000000254,5,1764489388141241900,0.112128,0.122112,0.427008,38.530304,294.156032,314.8672,537.175808,559.873792
0000000054,3,1764489388145068800,0.07552,0.078592,0.365568,33.185792,288.792064,309.61024,533.403648,555.792128
0000000354,6,1764489388272174800,0.024832,0.025088,0.457216,201.882112,242.50496,263.18976,490.813952,5513.423104
0000000454,7,1764489388273598200,0.022272,0.022784,0.29824,23.6992,267.250432,287.889152,518.765312,5541.16224
0000000154,4,1764489388280350000,0.052224,0.064,0.306432,192.553472,234.005504,255.471616,480.681984,502.742016
0000000255,5,1764489388641378600,0.02688,0.027392,0.322816,53.142016,294.39744,315.081216,545.817344,568.557056
0000000055,3,1764489388645193200,0.026624,0.02688,0.301056,49.821696,291.431936,312.065536,541.639936,564.029184
0000000355,6,1764489388772376600,0.025344,0.03456,0.278016,210.838272,252.81792,273.481984,506.76352,529.201664
0000000455,7,1764489388773716700,0.022272,0.022528,0.214784,37.009408,290.174976,310.81216,547.154944,569.4464
0000000155,4,1764489388780374800,0.03456,0.035584,0.326912,202.885888,245.74848,266.464256,502.00448,524.344064
0000000256,5,1764489389141515500,0.043264,0.044288,0.73472,62.757888,318.729472,340.018432,572.988416,595.69664
0000000056,3,1764489389145281800,0.022272,0.022784,0.40448,58.810624,315.82208,336.468224,569.891328,592.925184
0000000356,6,1764489389272530700,0.026624,0.027392,0.315392,24.975872,276.430592,297.141504,528.521472,550.320384
0000000456,7,1764489389273864700,0.027392,0.027904,0.621824,65.260544,308.467456,329.184256,563.57248,585.526016
0000000156,4,1764489389280451300,0.024576,0.025088,0.339712,20.623616,266.401536,287.366656,521.609984,544.062208
0000000257,5,1764489389641719800,0.039936,0.040448,0.807936,88.092416,151.936512,172.731392,407.226368,430.349312
0000000057,3,1764489389645388300,0.043008,0.043776,0.396032,84.8064,149.059328,169.969664,402.418176,424.882944
0000000357,6,1764489389772667100,0.096768,0.097792,2.965248,48.022528,296.72704,317.36832,551.059456,573.632768
0000000457,7,1764489389773966000,0.034048,0.03456,0.24192,75.265024,115.867392,136.503808,358.33216,380.4224
0000000157,4,1764489389780535800,0.026624,0.027136,0.465664,38.688256,289.689088,311.275008,544.508928,566.884352
0000000258,5,1764489390141803500,0.023296,0.023552,0.360192,129.925632,184.4736,205.258496,430.828032,452.582912
0000000058,3,1764489390145430300,0.023808,0.02432,0.320512,126.748928,176.35072,197.125632,425.58848,448.233984
0000000358,6,1764489390272712200,0.022528,0.02304,0.233984,73.239296,325.104896,345.906688,590.2208,612.850944
0000000458,7,1764489390274040000,0.020992,0.021248,0.186368,82.025472,123.322112,143.956992,371.862528,394.305792
0000000158,4,1764489390280719400,0.02432,0.024576,0.222464,63.238912,316.132352,336.95104,576.4928,599.241728
0000000259,5,1764489390641991200,0.038656,0.039424,0.391168,153.897728,207.666432,228.396288,449.624064,471.5584
0000000059,3,1764489390645534500,0.041984,0.042752,0.32768,150.586624,206.065152,226.640384,446.471936,467.726592
0000000359,6,1764489390772915500,0.041728,0.042496,0.321792,99.82976,153.747712,174.334976,405.257472,427.823104
0000000459,7,1764489390774189600,0.047616,0.048384,0.386816,103.155712,154.738688,175.504896,411.015424,433.410048
0000000159,4,1764489390780899600,0.032256,0.033024,0.44288,92.923648,146.459904,167.18848,400.186112,423.10272
0000000260,5,1764489391142113300,0.029184,0.02944,0.363264,174.011648,217.865216,238.433536,466.044672,487.910656
0000000060,3,1764489391145664000,0.025344,0.0256,0.35968,170.107904,213.233408,233.862656,464.953088,487.066368
0000000360,6,1764489391273006800,0.028672,0.029184,0.448768,127.816704,165.613312,186.038784,415.58912,438.33728
0000000460,7,1764489391274318600,0.052992,0.066816,0.314624,132.998912,171.620608,192.200192,416.172288,438.18112
0000000160,4,1764489391281015800,0.030976,0.031488,0.375552,119.161344,158.906112,179.4112,408.518912,429.770752
0000000261,5,1764489391642172700,0.022272,0.022528,0.268544,189.734912,231.273984,251.883008,474.637312,496.790528
0000000061,3,1764489391645796900,0.036096,0.036608,0.3264,184.938752,227.693568,248.633344,471.402496,493.164032
0000000361,6,1764489391773185800,0.028416,0.028672,0.6464,141.382912,185.201664,205.673216,433.339904,456.40832
0000000461,7,1764489391774409700,0.029696,0.030208,0.310784,140.822784,184.186112,204.781568,436.552448,458.67264
0000000161,4,1764489391781129500,0.038656,0.03968,0.919808,134.026496,176.736768,197.267456,425.083904,447.54432
0000000262,5,1764489392142212600,0.024064,0.02432,0.282624,195.775744,233.479168,253.980416,476.112896,498.373376
0000000062,3,1764489392145864700,0.016128,0.016384,0.206592,191.203328,227.88224,248.69376,472.459776,495.031552
0000000362,6,1764489392273346300,0.035072,0.035584,0.4544,161.288704,207.512064,228.322816,466.506496,488.553728
0000000462,7,1764489392274520300,0.039936,0.040448,0.71808,160.920064,206.420992,227.185408,459.602176,482.558464
0000000162,4,1764489392281171500,0.0448,0.045312,0.30592,153.504768,202.588928,223.289088,453.646336,476.201728
0000000263,5,1764489392642384100,0.022784,0.023296,0.25856,198.100224,239.51488,260.257024,483.749888,506.440192
0000000063,3,1764489392645961000,0.019456,0.019712,0.263936,194.153728,235.88096,256.694784,480.406528,502.783232
0000000363,6,1764489392773494000,0.027392,0.027648,0.396544,194.697472,241.180416,261.78944,482.606336,505.041664
0000000463,7,1764489392774634000,0.046848,0.048128,0.455936,186.451712,231.202304,251.853312,473.121792,495.381504
0000000163,4,1764489392781351000,0.025088,0.0256,0.453632,177.677824,220.81664,241.465088,466.693376,488.819712
0000000264,5,1764489393142515200,0.03072,0.031232,0.360192,205.75616,246.103296,267.378944,501.443584,5522.9952
0000000064,3,1764489393146142700,0.013312,0.013824,0.327168,201.186816,242.318336,262.884864,497.695744,520.1984
0000000364,6,1764489393273582000,0.024064,0.024576,0.31104,203.566848,240.584704,261.18144,487.593472,509.989888
0000000464,7,1764489393274706200,0.020992,0.021504,0.207872,198.85824,238.52416,259.104512,485.065216,506.893824
0000000164,4,1764489393281443600,0.018688,0.018944,0.190464,190.950144,231.335936,251.969024,478.985728,5501.182464
0000000265,5,1764489393643212500,0.05248,0.053248,0.6912,221.082624,264.111104,284.895744,517.382656,540.053504
0000000065,3,1764489393646298400,0.0384,0.039168,0.566528,217.745664,262.35648,283.735808,513.64224,5668.19968
0000000365,6,1764489393773715000,0.041472,0.0448,0.311552,210.238208,250.623232,271.238656,496.614144,5541.419776
0000000465,7,1764489393774802700,0.048384,0.05248,0.287744,210.5472,248.5248,269.34656,500.735488,5540.043264
0000000165,4,1764489393781478100,0.022528,0.02304,0.2688,202.076928,242.076416,262.793472,488.326912,510.304768
0000000266,5,1764489394143047400,0.034304,0.034816,0.434432,35.70688,274.610688,295.601152,523.394816,546.46144
0000000066,3,1764489394146463500,0.022784,0.023296,0.257792,31.295488,270.579712,291.16544,520.726528,543.085568
0000000366,6,1764489394273986600,0.022784,0.023296,0.481536,218.128384,259.9424,280.61056,509.06368,531.239168
0000000466,7,1764489394275212500,0.030208,0.03072,0.317184,225.051392,263.713024,284.308224,512.577024,537.959936
0000000166,4,1764489394281642000,0.032256,0.032768,0.23808,209.915392,253.715968,274.29504,505.28128,527.751168
0000000267,5,1764489394643169500,0.027904,0.02816,0.474112,40.917248,282.324224,303.320832,530.802688,553.010176
0000000067,3,1764489394646556000,0.03328,0.033792,0.30336,37.61024,278.214656,300.49024,526.113792,547.963392
0000000367,6,1764489394774135800,0.049152,0.055808,0.316416,30.689536,277.407744,298.2336,529.291008,550.79808
0000000467,7,1764489394774957600,0.032,0.032512,0.85504,30.81728,276.80384,297.44512,530.032896,552.05248
0000000167,4,1764489394781684000,0.059904,0.06144,0.369152,24.315392,269.34272,290.075648,520.236288,544.092672
0000000268,5,1764489395143419100,0.05248,0.053248,0.662016,49.590528,295.041024,316.308224,556.868096,578.01216
0000000068,3,1764489395146697500,0.032512,0.03328,0.715776,45.763584,291.78368,312.77184,553.848832,575.076352
0000000368,6,1764489395274362400,0.038144,0.038912,0.381696,50.255104,295.385856,316.03584,544.658944,568.293632
0000000468,7,1764489395275012600,0.035584,0.036352,0.287744,50.359552,293.78048,314.48448,545.44128,569.168896
0000000168,4,1764489395282162200,0.060928,0.061952,0.627968,41.92256,287.088384,307.829504,539.374848,561.598976
0000000269,5,1764489395643446800,0.028928,0.029696,0.471808,77.04192,315.14752,335.783168,561.258496,583.357696
0000000069,3,1764489395646822700,0.024576,0.025088,0.305408,72.832256,311.323136,331.90144,554.687232,577.500672
0000000369,6,1764489395774488300,0.039424,0.039936,0.35072,67.205888,321.485312,341.995264,573.042176,597.175808
0000000469,7,1764489395775100000,0.025344,0.027904,0.226816,66.315008,320.031232,340.550912,566.63552,588.439296
0000000169,4,1764489395782172200,0.039168,0.041472,0.354304,54.92992,313.121792,333.827072,559.456512,581.40928
0000000270,5,1764489396143541800,0.024064,0.02432,0.377088,68.371968,112.80512,133.530112,354.609664,376.32896
0000000070,3,1764489396146964200,0.02432,0.024832,0.72576,63.8592,110.272256,130.842112,350.188288,372.230144
0000000370,6,1764489396274553000,0.027904,0.02816,0.276224,77.90976,130.816512,151.410688,382.201344,404.690432
0000000470,7,1764489396275265500,0.060416,0.074752,0.370688,78.267136,131.476736,151.997696,383.981568,408.4608
0000000170,4,1764489396282269200,0.050944,0.051968,0.396288,69.939968,122.285312,142.820352,373.923584,396.18048
0000000271,5,1764489396643703600,0.029696,0.029952,0.382976,77.723648,119.02208,139.78752,360.772352,383.107584
0000000071,3,1764489396647049200,0.046592,0.04864,0.3008,74.082304,116.087552,136.786432,357.575168,379.843328
0000000371,6,1764489396774663700,0.031744,0.032768,0.281344,104.887296,147.042816,167.74016,399.997696,422.529024
0000000471,7,1764489396775347000,0.021504,0.022016,0.280576,109.980416,156.368128,178.19648,412.64256,434.984704
0000000171,4,1764489396782446300,0.02048,0.020736,0.346624,96.211456,140.300032,160.910336,393.7152,415.138816
0000000272,5,1764489397143921200,0.030464,0.03072,0.46592,86.044928,128.089344,148.80512,370.509312,392.78336
0000000072,3,1764489397147227600,0.063232,0.064512,0.549632,83.117312,125.060352,145.686528,367.09376,389.421312
0000000372,6,1764489397274793200,0.02432,0.024832,0.246272,118.286592,155.509504,176.00896,400.420608,422.604032
0000000472,7,1764489397275426800,0.040448,0.050432,0.385024,137.051648,172.996864,193.484032,420.154112,442.647296
0000000172,4,1764489397282592800,0.066816,0.068352,0.342016,110.034176,148.412416,169.246976,393.15072,415.467008
0000000273,5,1764489397643901700,0.029952,0.030464,0.269824,92.5888,135.872512,156.678144,382.61504,404.5376
0000000073,3,1764489397647406000,0.02432,0.024576,0.41216,88.563456,129.284608,150.31936,378.766848,400.821248
0000000373,6,1764489397774922200,0.02944,0.029696,0.352512,125.607424,169.283584,190.202112,415.395584,436.836352
0000000473,7,1764489397775563500,0.029184,0.030208,0.337152,147.779072,189.100544,209.759232,436.009472,458.313984
0000000173,4,1764489397782693600,0.025088,0.025344,0.367616,117.208832,160.219904,181.06112,407.323648,429.825024
0000000274,5,1764489398143988700,0.034304,0.034816,0.407296,106.380032,145.765376,166.533632,389.615104,411.642368
0000000074,3,1764489398147521500,0.06144,0.061696,0.342016,102.11584,142.459904,163.170048,387.62496,409.348352
0000000374,6,1764489398275088000,0.026112,0.026368,0.339712,135.458304,183.276544,203.831808,432.743424,455.488256
0000000474,7,1764489398275982300,0.026112,0.02688,1.047552,159.753216,199.847936,220.391424,453.302272,475.469056
0000000174,4,1764489398282799600,0.022528,0.022784,0.281344,127.40736,176.926208,197.665536,425.004032,447.711232
0000000275,5,1764489398644206300,0.025856,0.026112,0.377856,119.150336,161.956352,182.715648,413.851392,5436.569344
0000000075,3,1764489398647570200,0.059904,0.075264,0.317696,114.718464,158.669312,179.279872,410.112768,432.252672
0000000375,6,1764489398775390200,0.02432,0.024576,0.564736,155.237632,197.740544,218.3424,547.557376,569.907968
0000000475,7,1764489398776170200,0.030208,0.03072,0.517888,177.353216,223.945728,244.741632,553.25696,574.92608
0000000175,4,1764489398782818800,0.022016,0.022528,0.341504,147.849216,191.160064,211.849728,544.442112,5567.346176
0000000276,5,1764489399144391200,0.042496,0.043008,0.345088,138.563072,192.656128,213.159168,446.037248,468.557056
0000000076,3,1764489399147806200,0.034816,0.035584,0.393984,134.5152,188.2496,208.89728,441.964544,464.055296
0000000376,6,1764489399275326700,0.035584,0.036096,0.43392,75.144704,334.153984,354.73024,601.57952,5622.918656
0000000476,7,1764489399276220400,0.034048,0.03456,0.394496,73.675776,329.207552,349.77536,605.957632,5628.61568
0000000176,4,1764489399282998500,0.03456,0.035072,0.285184,66.66496,321.945856,342.53568,594.908672,620.321792
0000000277,5,1764489399644379400,0.022784,0.02304,0.272128,168.070912,237.78944,258.47808,482.555648,505.095936
0000000077,3,1764489399647880700,0.029184,0.029696,0.342784,163.937024,232.562944,253.492224,479.062016,5501.51296
0000000377,6,1764489399775445200,0.033792,0.034304,0.385536,119.240448,166.947328,187.461632,413.099264,435.725568
0000000477,7,1764489399776269300,0.027648,0.028416,0.232704,116.205312,165.740288,186.39872,413.204992,435.303936
0000000177,4,1764489399783105300,0.026624,0.027136,0.253184,107.860736,158.590976,179.34464,405.87008,428.402432
0000000278,5,1764489400144557300,0.037376,0.038144,0.455424,200.975616,240.626432,261.445632,490.312448,512.733952
0000000078,3,1764489400147947300,0.02432,0.024832,0.265472,197.44896,237.356544,258.084352,487.322368,509.665024
0000000378,6,1764489400275566800,0.030208,0.03072,0.311552,140.015872,182.412544,202.93504,435.10272,457.379584
0000000478,7,1764489400276372700,0.029696,0.030464,0.437248,138.919936,182.015232,202.4832,433.350912,456.712448
0000000178,4,1764489400283204000,0.035584,0.036352,0.315648,131.208192,173.538816,194.152192,427.586816,449.747968
0000000279,5,1764489400644602600,0.026624,0.027136,0.39936,211.466496,254.449152,275.564288,503.894784,526.97856
0000000079,3,1764489400648031000,0.029184,0.029696,0.314112,211.309568,248.6464,269.291008,500.956928,523.759872
0000000379,6,1764489400775797200,0.024832,0.025088,0.270592,153.651456,197.206528,218.33984,446.39616,468.546048
0000000479,7,1764489400776534000,0.032768,0.033536,0.41216,156.947456,197.230336,217.8304,447.201792,469.702144
0000000179,4,1764489400783418600,0.033536,0.034304,0.50688,145.524224,190.763008,211.4688,442.92352,464.911104
0000000280,5,1764489401144779000,0.160768,0.17024,0.487936,23.15264,266.3296,287.069696,510.51648,533.833984
0000000080,3,1764489401148286200,0.018432,0.018944,0.28672,19.606016,263.801856,284.80384,507.357184,530.080512
0000000380,6,1764489401276066800,0.0384,0.039168,0.429056,176.149248,220.32768,241.02912,473.12256,495.8976
0000000480,7,1764489401276645400,0.020736,0.020992,0.40064,173.92768,222.654464,243.406336,473.46176,495.38816
0000000180,4,1764489401283518700,0.044032,0.0448,0.275712,166.305792,215.212288,235.805952,464.145408,486.428928
0000000281,5,1764489401644938800,0.035584,0.036352,0.325632,26.501888,269.714944,290.315264,515.624704,538.707456
0000000081,3,1764489401648385300,0.022528,0.022784,0.229888,22.706432,265.253376,286.015744,512.31872,534.90944
0000000381,6,1764489401776149000,0.022016,0.022528,0.366592,196.143616,249.51168,270.114304,497.889536,519.94624
0000000481,7,1764489401776756700,0.019712,0.019968,0.338944,196.614656,248.255488,268.879616,498.763776,521.015296
0000000181,4,1764489401783659500,0.039424,0.039936,0.296192,188.521216,241.689856,262.486784,489.927168,512.485632
0000000282,5,1764489402145044200,0.041216,0.041728,1.18016,33.388032,272.960256,293.690368,518.180864,549.140736
0000000082,3,1764489402148468200,0.028928,0.029184,0.245248,28.619008,270.832384,291.456512,514.464,546.011136
0000000382,6,1764489402276229000,0.015872,0.016128,0.198656,220.6208,259.403008,280.164864,507.40736,547.123456
0000000482,7,1764489402276868900,0.0192,0.019712,0.170496,224.759808,265.07392,285.682176,517.275904,545.318912
0000000182,4,1764489402283801300,0.033792,0.034816,0.316928,213.106432,251.404032,272.027392,499.514624,533.200128
0000000283,5,1764489402645147000,0.041216,0.041728,0.449792,46.844416,293.765888,314.3168,535.936256,558.877184
0000000083,3,1764489402648611600,0.06912,0.069888,0.737792,42.472704,289.61152,310.353408,532.998912,556.296704
0000000383,6,1764489402776471000,0.041472,0.04224,0.292864,46.579968,288.46336,309.041408,533.502976,555.006464
0000000483,7,1764489402777022200,0.024576,0.025088,0.66944,244.872448,287.901184,308.566272,533.095168,555.379712
0000000183,4,1764489402783901700,0.029952,0.03072,0.220672,217.72672,263.199488,283.753216,526.82496,548.790528
0000000284,5,1764489403145297400,0.04608,0.047104,0.301312,53.389312,296.358144,316.985344,543.973376,567.244544
0000000084,3,1764489403148749300,0.028928,0.029184,0.468992,49.700352,292.763904,313.597184,541.456384,563.694848
0000000384,6,1764489403276603400,0.043008,0.04352,0.28288,51.24992,298.458112,319.102464,546.752,568.997632
0000000484,7,1764489403277329200,0.016896,0.017152,0.397056,51.470848,296.897024,317.565952,545.111552,567.38432
0000000184,4,1764489403284030200,0.122112,0.130304,0.435968,42.949888,290.812928,311.427328,541.889024,564.374528
0000000285,5,1764489403645391400,0.029952,0.030208,0.292096,62.750464,322.326272,343.05408,576.075008,598.334976
0000000085,3,1764489403648735000,0.124416,0.125696,0.51968,57.301248,317.281024,337.894656,572.31232,594.824192
0000000385,6,1764489403776718800,0.055808,0.056832,0.34176,70.433536,310.97344,331.515136,559.441408,581.7728
0000000485,7,1764489403777227500,0.016896,0.017408,0.222464,69.734144,317.647616,338.315264,563.27424,585.831168
0000000185,4,1764489403784153300,0.071936,0.073216,1.0176,63.531008,304.89984,325.470464,552.054016,575.129344
0000000286,5,1764489404145516300,0.02688,0.027136,0.27648,81.01248,128.913664,149.539072,371.4752,393.95072
0000000086,3,1764489404148825300,0.039424,0.040192,0.391168,77.064448,125.199616,145.732096,367.878656,390.326528
0000000386,6,1764489404276711000,0.022528,0.02304,0.266752,75.2768,121.0048,141.718784,374.780672,397.175808
0000000486,7,1764489404277331200,0.023808,0.02432,0.22656,72.896,120.822016,141.586688,374.155008,395.420416
0000000186,4,1764489404284317000,0.025088,0.0256,0.316416,65.364736,115.326208,135.932416,366.816,388.70912
0000000287,5,1764489404645679900,0.033024,0.03328,0.31104,94.267904,135.56736,156.129792,389.946112,412.2496
0000000087,3,1764489404649031700,0.028416,0.028928,0.690432,90.15808,133.14432,153.72416,385.53216,408.761856
0000000387,6,1764489404776963600,0.029952,0.030464,0.264192,100.150784,136.281344,157.395968,385.383936,407.739392
0000000487,7,1764489404777457700,0.0192,0.019456,0.402688,96.929792,137.121792,157.825792,384.91264,407.31776
0000000187,4,1764489404784408600,0.024064,0.024576,0.244736,88.676608,128.654592,149.175552,379.715328,402.106624
0000000288,5,1764489405145833000,0.038912,0.03968,0.372992,111.263744,161.545472,182.342912,408.155392,430.53824
0000000088,3,1764489405148996600,0.029952,0.03072,0.298496,107.632128,159.20128,179.915008,406.37952,428.240896
0000000388,6,1764489405277011200,0.02816,0.028672,0.431104,110.685696,149.372416,169.987072,403.952384,426.20672
0000000488,7,1764489405277563400,0.045056,0.045824,0.236544,111.290368,150.01088,170.677248,399.183616,423.331072
0000000188,4,1764489405284586500,0.16,0.168448,0.682496,102.74816,144.33408,164.883712,394.875136,5417.501952
0000000289,5,1764489405646099700,0.038656,0.039424,0.46208,128.471808,169.061632,189.770752,419.568128,5441.71264
0000000089,3,1764489405649106700,0.052992,0.054784,0.287232,125.007104,163.524096,184.139008,415.5392,437.940224
0000000389,6,1764489405777125400,0.025856,0.026112,0.339456,128.78592,164.70784,185.32224,417.810688,440.083456
0000000489,7,1764489405777691600,0.02176,0.022016,0.694528,125.851904,164.205056,184.8384,416.8576,439.134208
0000000189,4,1764489405784636400,0.037632,0.038656,0.281088,118.881536,157.57568,178.145024,410.607872,432.827648
0000000290,5,1764489406146213000,0.031488,0.032,0.337408,143.858944,188.630016,209.535488,437.637376,459.725568
0000000090,3,1764489406149169700,0.034304,0.042496,0.457472,140.620032,185.63712,206.433024,435.493888,457.398272
0000000390,6,1764489406277211100,0.019712,0.019968,0.245504,143.252224,183.803392,204.931072,438.73792,5461.74336
0000000490,7,1764489406277804800,0.114432,0.11648,0.465664,139.848704,182.9696,203.729408,440.217344,462.624
0000000190,4,1764489406284727600,0.023296,0.023808,0.261888,134.460928,176.526336,197.166336,431.514368,453.665792
0000000291,5,1764489406646337500,0.041728,0.04224,0.42624,161.53984,204.048128,225.219584,458.03008,480.105984
0000000091,3,1764489406649332700,0.03328,0.033792,0.36224,158.760704,201.307392,221.88416,456.141824,478.443264
0000000391,6,1764489406777334800,0.030464,0.030976,0.289792,170.058496,231.593728,252.545792,495.6544,518.650112
0000000491,7,1764489406777900800,0.055552,0.066816,0.312064,171.656448,222.323456,244.062464,478.03136,5500.763136
0000000191,4,1764489406784856600,0.030976,0.031744,0.331008,161.491712,215.12576,235.936768,470.650624,493.053696
0000000292,5,1764489407146407400,0.02688,0.027392,0.396032,185.723904,237.837312,258.568448,491.490816,514.041856
0000000092,3,1764489407149458000,0.025088,0.0256,0.328704,182.567424,234.443264,255.330048,487.398144,5510.179328
0000000392,6,1764489407278005800,0.025088,0.0256,0.275712,218.854912,272.036608,292.7232,536.221696,558.444288
0000000492,7,1764489407278223400,0.031744,0.032512,0.320512,205.289472,253.97632,274.612224,510.176,533.005824
0000000192,4,1764489407284990500,0.03584,0.036608,0.340992,197.35296,246.94912,268.04608,505.262848,528.99456
0000000293,5,1764489407646544000,0.039168,0.039936,0.285952,218.588672,272.270848,293.147904,522.068736,545.630464
0000000093,3,1764489407649564200,0.024064,0.02432,0.283392,215.781376,269.048576,289.630464,519.716608,542.693888
0000000493,7,1764489407778393600,0.060416,0.061184,0.54784,33.953536,319.645952,340.292864,576.534784,599.589888
0000000393,6,1764489407778775300,0.061184,0.06272,0.84608,62.82624,335.938816,356.848896,594.263552,618.936064
0000000193,4,1764489407785366300,0.024064,0.024576,1.094912,27.483904,308.747264,329.773824,576.630528,599.767808
0000000294,5,1764489408146728000,0.065024,0.066304,0.539648,41.605888,296.371968,317.273088,564.064768,586.893056
0000000094,3,1764489408149733000,0.040704,0.042752,0.512256,38.02368,297.484032,318.137344,554.924288,576.820224
0000000394,6,1764489408278452200,0.036096,0.036864,0.483584,102.9696,173.624064,194.390528,453.578752,477.434112
0000000494,7,1764489408278488600,0.044544,0.045312,0.513024,100.971776,165.449728,186.1696,428.08576,450.980352
0000000194,4,1764489408285331700,0.030464,0.030976,0.347136,93.67424,158.082048,178.902784,426.3744,449.228288
0000000295,5,1764489408646853600,0.050688,0.051456,0.36096,86.829824,355.979264,376.742912,617.85088,639.42528
0000000095,3,1764489408649877200,0.032768,0.03328,0.402176,85.146624,352.560896,373.115904,612.195072,635.248128
0000000495,7,1764489408778596400,0.039424,0.039936,0.606464,153.226496,214.497024,235.31648,482.136832,505.289984
0000000395,6,1764489408778608600,0.027136,0.027648,0.541952,185.439488,243.568384,264.430592,532.288512,555.467264
0000000195,4,1764489408785518800,0.036864,0.037632,0.45568,160.36736,217.502464,238.57024,483.2512,506.103552
0000000296,5,1764489409146945800,0.036096,0.036864,0.380672,127.024128,190.859264,211.592448,446.33856,468.950272
0000000096,3,1764489409150053000,0.045568,0.046592,0.386304,125.50016,190.556416,211.319296,448.074752,470.126592
0000000496,7,1764489409278748700,0.023552,0.02432,0.437248,209.179904,262.184448,283.99232,522.678528,545.126656
0000000396,6,1764489409278861600,0.0576,0.058368,0.964608,54.524928,315.730432,336.765952,587.262208,610.55104
0000000196,4,1764489409285590800,0.05504,0.056576,1.632,204.480768,255.55968,277.267456,517.408512,539.12704
0000000297,5,1764489409647059500,0.039936,0.040704,0.414208,184.01536,245.9904,266.86208,519.73504,543.320576
0000000097,3,1764489409650170400,0.034048,0.034816,0.385024,182.181376,245.83168,266.884096,517.115904,539.742464
0000000497,7,1764489409778878700,0.030208,0.03072,0.344832,53.476864,302.8608,323.750656,562.32192,585.1904
0000000397,6,1764489409778939400,0.022016,0.022272,1.78176,98.773248,158.760704,179.654912,436.720128,459.751168
0000000197,4,1764489409785729300,0.041728,0.042496,0.390912,44.848128,296.040448,317.851904,554.702336,578.131456
0000000298,5,1764489410147492900,0.040704,0.041216,0.37504,51.680512,310.144,330.79936,567.57248,591.422976
0000000098,3,1764489410150801400,0.037376,0.038144,0.663552,48.754944,303.01952,323.751936,563.103488,585.452288
0000000498,7,1764489410279005700,0.040448,0.041216,0.540416,74.24,126.688768,147.439616,381.01376,404.46208
0000000398,6,1764489410279015200,0.03456,0.035328,0.450816,166.6304,213.222912,233.93792,485.726464,509.150208
0000000198,4,1764489410285876500,0.035072,0.035584,0.418304,66.732032,119.424512,140.22016,374.189824,397.588992
0000000299,5,1764489410647765800,0.040704,0.041216,0.594944,80.822016,146.056192,166.95424,412.435968,435.660288
0000000099,3,1764489410650818600,0.032256,0.033024,1.613056,82.338816,143.753984,164.351232,409.85088,432.700928
0000000499,7,1764489410779188700,0.036608,0.03712,0.350464,113.289216,162.98752,183.865088,425.431808,448.864
0000000399,6,1764489410779229700,0.039936,0.040704,0.316928,214.195456,277.885184,299.068928,533.844736,556.911616
0000000199,4,1764489410786033400,0.033792,0.03456,0.73856,106.411776,156.550912,177.11104,419.76704,443.31904
0000000300,5,1764489411147904500,0.041984,0.042752,0.545024,137.502976,197.489408,218.28736,457.25952,479.996672
0000000100,3,1764489411150964000,0.037888,0.0384,0.390656,133.794816,194.764544,215.475712,451.031296,473.961984
0000000500,7,1764489411279264500,0.036608,0.03712,0.447744,146.658304,194.74176,215.478272,457.690368,480.163072
0000000400,6,1764489411279398100,0.315392,0.316928,0.851456,60.786432,317.083392,337.768704,571.894272,594.840576
0000000200,4,1764489411286053600,0.025856,0.026112,0.396288,139.345408,187.804416,208.539392,449.755904,473.272832
0000000301,5,1764489411648073200,0.038912,0.03968,0.368896,186.416384,234.641408,255.412992,483.753728,506.107392
0000000101,3,1764489411651117800,0.034048,0.034816,0.409344,174.166272,223.731712,244.599552,478.099456,501.306624
0000000401,6,1764489411779418600,0.044032,0.04736,0.628992,80.845312,135.735808,156.64128,389.175808,412.436224
0000000501,7,1764489411779423000,0.037888,0.038656,0.494848,183.009792,230.156544,250.949376,503.764736,527.232
0000000201,4,1764489411786261000,0.035584,0.036352,0.36096,175.323648,222.30528,243.22944,500.334592,524.959488
0000000302,5,1764489412148171800,0.036352,0.055296,0.3456,209.485056,267.120896,288.92672,518.202368,542.349056
0000000102,3,1764489412151972400,0.018432,0.018688,0.248832,205.68576,262.249472,283.088384,512.982784,535.987968
0000000502,7,1764489412279473700,0.033792,0.03456,0.517888,31.17056,281.430272,302.049024,533.401856,554.628608
0000000402,6,1764489412279535600,0.031488,0.032256,0.602624,115.271936,162.6816,183.338496,421.42464,443.579392
0000000202,4,1764489412286367500,0.019968,0.020224,0.295424,25.121536,276.612352,297.365248,526.626304,5549.514496
0000000303,5,1764489412648398000,0.031232,0.031744,0.404992,46.104064,299.526656,320.370176,577.264896,5598.561536
0000000103,3,1764489412652014800,0.038144,0.038656,0.585728,42.086912,296.412416,317.1456,573.058048,595.804416
0000000403,6,1764489412779682000,0.028928,0.029184,0.493056,147.854336,197.90464,218.587392,464.444928,486.870272
0000000503,7,1764489412779869700,0.087296,0.087808,0.918272,52.129792,294.294528,314.972672,571.848704,595.113472
0000000203,4,1764489412786493400,0.026624,0.027136,0.431616,44.963584,287.26656,308.09344,565.696256,588.514048
0000000304,5,1764489413148455000,0.031232,0.031488,0.396032,84.313088,146.315776,167.506688,394.193664,416.585216
0000000104,3,1764489413152133600,0.032,0.032768,0.324096,91.107328,338.344192,359.088896,596.991744,621.696512
0000000504,7,1764489413279803000,0.028416,0.028928,0.606464,102.627072,353.68704,374.441472,606.998272,629.782272
0000000404,6,1764489413279925200,0.032256,0.032768,1.485312,190.025216,237.438208,258.131456,499.303424,522.288128
0000000204,4,1764489413286689500,0.036608,0.037376,0.301824,94.767872,345.873408,366.671616,599.501568,622.73536
0000000305,5,1764489413648631800,0.036096,0.03712,0.386304,129.285376,178.876928,199.53408,427.272704,450.049024
0000000105,3,1764489413652208600,0.047104,0.048384,0.34432,114.276864,175.96544,196.64128,424.910336,447.193344
0000000405,6,1764489413779902200,0.024832,0.025344,0.290816,224.108288,273.31072,294.135296,531.986688,5554.928896
0000000505,7,1764489413780042500,0.250112,0.25088,0.893952,123.762944,175.84256,196.617216,433.650688,456.338176
0000000205,4,1764489413786807800,0.02432,0.025088,0.266752,112.115712,169.981696,190.722816,423.705344,446.077952
0000000306,5,1764489414148789500,0.038912,0.039424,0.602368,156.370944,226.472448,247.21792,477.735424,500.557056
0000000106,3,1764489414152411100,0.03584,0.036352,0.426496,151.432192,222.255616,243.182336,474.068992,496.849664
0000000506,7,1764489414280071200,0.13312,0.139776,1.10464,154.47168,199.390976,220.35968,452.676608,5475.399424
0000000406,6,1764489414280094700,0.027648,0.027904,0.416,68.096512,325.824768,346.660096,578.2528,601.084416
0000000206,4,1764489414287507700,0.041216,0.041728,0.4096,146.676224,191.23328,212.05248,444.582912,467.040512
0000000307,5,1764489414648856000,0.036608,0.03712,0.538368,200.13696,266.898688,287.70688,526.706688,552.086528
0000000107,3,1764489414652450800,0.021248,0.021504,0.302848,196.596736,263.006208,284.12288,528.300544,5549.059328
0000000507,7,1764489414780166100,0.045824,0.046336,0.469504,182.247424,227.844608,248.507136,485.30944,507.406592
0000000407,6,1764489414780185900,0.045824,0.046848,0.51456,98.48064,159.310336,180.038144,422.34112,445.570816
0000000207,4,1764489414787689200,0.047872,0.04864,0.431104,172.660736,220.330752,240.986624,478.609152,500.861696
0000000308,5,1764489415149013000,0.041216,0.041984,0.647168,63.981568,310.19904,330.801664,576.734208,598.969856
0000000108,3,1764489415152588000,0.045824,0.046592,1.656832,59.158528,304.604416,325.273856,572.960512,597.012992
0000000508,7,1764489415280252700,0.049408,0.04992,0.361216,207.86304,254.846208,275.669248,525.85344,549.15584
0000000408,6,1764489415280384300,0.03072,0.031232,0.332288,144.183808,189.024512,209.820928,462.05056,484.851456
0000000208,4,1764489415287637800,0.054528,0.055552,0.595456,200.004608,247.630336,268.557312,518.649088,543.48416
0000000309,5,1764489415649154600,0.065792,0.067072,0.474624,90.019328,158.163712,179.064576,415.876608,438.333952
0000000109,3,1764489415652771800,0.031488,0.032,0.285696,84.031232,157.726976,178.260992,410.78784,433.866752
0000000509,7,1764489415780394800,0.027136,0.027392,0.640512,49.60768,306.661376,327.4496,577.868032,601.217792
0000000409,6,1764489415780510000,0.02304,0.023296,0.306176,183.460864,227.06048,247.754496,483.828992,507.012096
0000000209,4,1764489415787890200,0.114688,0.115712,0.687872,42.047488,297.29408,318.098688,571.196672,594.194944
0000000310,5,1764489416149392400,0.041216,0.041984,0.5248,147.122688,217.498112,238.424064,468.738304,491.312896
0000000110,3,1764489416152912000,0.039936,0.040704,0.42112,143.676928,212.524288,233.203968,462.908672,484.996864
0000000510,7,1764489416280518100,0.037632,0.0384,0.288768,98.722816,176.2112,196.908032,428.662784,451.224576
0000000410,6,1764489416280582700,0.022784,0.02304,0.216832,206.296832,252.636928,273.504,504.5824,527.153408
0000000210,4,1764489416287918600,0.038144,0.038656,0.334848,100.558592,353.575168,374.230272,610.90176,634.660352
0000000311,5,1764489416649424600,0.024576,0.024832,0.310016,191.734528,243.57376,264.167168,492.186624,515.041536
0000000111,3,1764489416653009200,0.03712,0.037632,0.225024,186.868224,241.082624,262.550784,489.09568,511.542272
0000000511,7,1764489416780660200,0.041472,0.041984,0.633856,150.84672,198.214912,218.900736,445.804032,467.83872
0000000411,6,1764489416780687400,0.023296,0.023552,0.496896,25.327104,270.910208,291.66208,519.378432,541.676032
0000000211,4,1764489416788011800,0.022784,0.023552,0.409344,123.624448,174.501376,195.0272,425.413632,447.81824
0000000312,5,1764489417149537300,0.032,0.032768,0.290816,213.970176,258.549248,279.31392,507.608576,531.014656
0000000112,3,1764489417153159400,0.028672,0.02944,0.360704,209.856256,254.354176,275.001344,504.95104,527.723776
0000000512,7,1764489417280722400,0.054528,0.055296,1.359616,172.827648,227.900928,249.167104,475.374848,498.079232
0000000412,6,1764489417280850400,0.0576,0.05888,1.971712,39.781632,281.652736,302.432512,525.23776,547.332864
0000000212,4,1764489417288190500,0.055552,0.066304,0.414976,147.918848,203.042816,223.695616,449.287168,471.256832
0000000313,5,1764489417649763300,0.036864,0.037376,0.446976,31.774208,269.607424,290.231552,513.12384,535.020288
0000000113,3,1764489417653320200,0.044032,0.0448,0.403968,27.310848,266.981888,287.816448,508.950784,531.095296
0000000513,7,1764489417780804600,0.022528,0.02304,0.251136,198.361344,246.413568,267.108352,494.79808,517.220352
0000000413,6,1764489417780968000,0.021504,0.02176,0.215552,41.718272,288.940544,309.558272,539.524608,562.036736
0000000213,4,1764489417788285000,0.038656,0.039424,0.289536,175.826688,222.833152,243.576064,471.67744,494.328832
0000000314,5,1764489418149842200,0.028928,0.029184,0.443136,29.305088,275.770368,296.347392,526.016512,548.360192
0000000114,3,1764489418153368000,0.03456,0.035584,0.418304,25.76384,272.913408,293.568768,521.827072,544.785664
0000000514,7,1764489418280860400,0.033536,0.034304,0.635136,233.320448,279.212032,299.777536,532.32512,554.358272
0000000414,6,1764489418281146400,0.03328,0.034048,0.360704,57.360128,297.645568,318.253824,545.831936,568.050432
0000000214,4,1764489418288393500,0.062976,0.06528,0.370688,192.759808,247.071488,268.392192,496.583424,5540.583424
0000000315,5,1764489418649978000,0.026112,0.026368,0.624384,42.859264,291.62496,312.311296,543.5456,5566.246144
0000000115,3,1764489418653475600,0.03584,0.036352,0.343808,39.086848,280.334848,301.201408,531.625472,554.173696
0000000515,7,1764489418781052200,0.02944,0.029952,0.368384,51.067904,299.693568,320.306688,551.129088,573.31584
0000000415,6,1764489418781609200,0.201472,0.210176,0.988672,62.652416,299.008,319.655936,552.966912,575.749376
0000000215,4,1764489418788533200,0.05504,0.055808,0.256512,218.25152,264.86272,285.599232,516.895232,539.074304
0000000316,5,1764489419150131200,0.031232,0.032,0.339712,58.366208,297.91488,319.352576,559.421696,581.02272
0000000116,3,1764489419153681400,0.02432,0.024832,0.35072,51.247872,294.779136,315.306752,559.177728,581.697536
0000000516,7,1764489419281150000,0.026112,0.026624,0.350464,73.023488,116.435456,137.118208,365.148928,387.842816
0000000416,6,1764489419281599700,0.032512,0.03328,0.24576,72.61824,116.537856,137.36448,363.793664,387.363584
0000000216,4,1764489419288603100,0.025344,0.025856,0.657408,41.855488,295.241728,315.814144,542.964224,565.469696
0000000317,5,1764489419650177300,0.026368,0.02688,0.537088,70.275328,121.732096,142.356736,365.67168,388.061184
0000000117,3,1764489419653842200,0.037888,0.038656,0.459264,66.674688,117.29024,137.797888,363.593984,385.818624
0000000517,7,1764489419781241000,0.034304,0.034816,0.330752,86.482432,127.476224,148.109568,381.249536,403.512064
0000000417,6,1764489419781741600,0.033024,0.033536,0.435712,86.051328,128.339456,148.892416,379.13984,402.01216
0000000217,4,1764489419788731400,0.030208,0.03072,0.262656,61.856256,306.748672,327.44576,549.39776,572.308992
0000000318,5,1764489420150617300,0.042752,0.043264,0.32384,92.732416,137.993472,158.58816,389.510144,411.492864
0000000118,3,1764489420153872100,0.063232,0.077312,0.265728,89.504256,133.879808,154.5088,382.86208,405.883904
0000000518,7,1764489420281396000,0.036352,0.036864,0.500992,102.626304,144.9856,165.76128,397.108224,419.303936
0000000418,6,1764489420281832000,0.032768,0.03328,0.421888,102.134272,145.387776,166.097408,395.984128,5418.933504
0000000218,4,1764489420288852000,0.044032,0.0448,0.333824,63.309824,112.123136,132.747008,363.928832,386.246912
0000000319,5,1764489420650737200,0.0512,0.051456,0.451328,114.757888,157.419264,178.043136,398.881792,421.484032
0000000119,3,1764489420653994000,0.059392,0.083968,0.885504,107.308544,148.438784,169.174528,394.475776,416.890112
0000000519,7,1764489420781518600,0.027136,0.027648,0.353792,119.967232,171.828992,192.99584,421.67424,5445.1904
0000000419,6,1764489420781917200,0.018176,0.018432,0.239616,118.48576,169.88288,190.670848,421.20064,443.128576
0000000219,4,1764489420789008000,0.034816,0.035584,0.374016,86.043904,136.092672,156.666624,385.755392,407.227904
0000000320,5,1764489421150859300,0.029184,0.029696,0.567808,122.349056,165.979136,186.683904,409.779456,431.894528
0000000120,3,1764489421154094600,0.033024,0.033536,0.422144,117.137408,163.156992,183.77088,408.950016,431.613952
0000000520,7,1764489421281604600,0.036096,0.036608,0.954624,143.008512,184.295168,204.915712,444.891392,467.84256
0000000420,6,1764489421282070000,0.046592,0.047616,0.247552,142.371328,183.433984,204.100864,440.348928,463.218432
0000000220,4,1764489421289158000,0.024064,0.02432,0.364032,109.081856,151.845632,172.484352,406.361344,428.866048
0000000321,5,1764489421650975000,0.03584,0.036352,0.3584,135.405056,178.4896,199.136768,431.90656,454.289408
0000000121,3,1764489421654191900,0.021504,0.022016,0.54656,132.02944,174.752256,195.39968,428.107008,5451.034368
0000000521,7,1764489421781785900,0.046336,0.046848,0.343808,170.074368,215.360512,235.935488,473.42976,496.264192
0000000421,6,1764489421782610200,0.18688,0.187648,0.85632,163.158272,208.0192,233.651456,465.538048,487.748864
0000000221,4,1764489421789282000,0.040704,0.041216,0.467456,130.867712,180.82048,201.933568,437.460224,460.685056
0000000322,5,1764489422151077400,0.026624,0.027136,0.459776,153.96864,200.359424,222.204416,446.030336,468.849152
0000000122,3,1764489422154260000,0.026624,0.02688,0.429824,150.630144,199.638016,220.134912,442.567936,465.579008
0000000522,7,1764489422281825300,0.036352,0.03712,0.3328,195.039744,232.179712,252.97152,486.58304,508.783616
0000000422,6,1764489422282620000,0.045056,0.046848,0.374272,186.319616,228.381184,248.849152,483.337472,505.675264
0000000222,4,1764489422289488100,0.039424,0.040192,0.4416,160.620544,202.846208,223.417856,454.14144,476.762624
0000000323,5,1764489422651251000,0.036864,0.037376,0.333056,176.091648,224.8832,245.603584,478.582016,501.16352
0000000123,3,1764489422654364200,0.023296,0.023552,0.290816,171.6416,220.846848,241.656064,465.683968,488.11648
0000000523,7,1764489422781980000,0.037888,0.038656,0.32384,208.594432,257.53216,278.20928,509.78688,531.706368
0000000423,6,1764489422782726000,0.047104,0.048128,0.355072,207.906048,252.253184,272.921088,498.073344,520.3392
0000000223,4,1764489422789606700,0.024064,0.02432,0.40192,180.758016,229.5808,250.365184,478.988032,501.732352
0000000324,5,1764489423151348000,0.037376,0.038144,0.371456,196.272896,233.357824,254.010368,473.609984,496.955136
0000000124,3,1764489423154525700,0.035328,0.035584,0.27264,187.114496,225.39264,246.084352,470.947584,493.77152
0000000524,7,1764489423282144800,0.0448,0.045568,0.395264,28.345088,266.462464,287.098112,517.682688,562.80064
0000000424,6,1764489423282811400,0.020224,0.02048,0.306432,223.227392,265.760256,286.369024,518.14784,562.067456
0000000224,4,1764489423289776400,0.014336,0.014592,0.29184,204.308224,246.201856,266.800896,499.668992,539.63392
0000000325,5,1764489423651404000,0.024832,0.025088,0.354816,202.116864,243.123712,263.665408,496.118528,518.281472
0000000125,3,1764489423654775000,0.063744,0.064512,1.133568,198.039808,239.20256,259.808256,490.867712,513.424896
0000000525,7,1764489423782492200,0.039936,0.040704,0.328448,51.161856,296.571392,317.370112,546.055168,568.563712
0000000425,6,1764489423782968300,0.024576,0.025088,0.512,50.524416,296.500992,317.499904,551.592704,573.56672
0000000225,4,1764489423789831000,0.030976,0.032,0.310272,221.634816,262.862592,283.628032,514.085632,537.21728
0000000326,5,1764489424151497200,0.02048,0.020992,0.315136,217.264384,258.605568,279.1808,503.58912,526.48192
0000000126,3,1764489424154847500,0.020736,0.021248,0.292608,213.669888,255.583488,276.173824,500.87936,523.175168
0000000526,7,1764489424282608600,0.042496,0.043264,0.623104,66.726656,306.08768,327.099392,559.289856,583.893248
0000000426,6,1764489424283155700,0.048128,0.070656,0.3712,66.217984,307.0784,327.666432,560.566784,583.45856
0000000226,4,1764489424289903900,0.02304,0.023296,0.516864,37.050368,276.52608,297.163008,526.798592,548.556288
0000000327,5,1764489424651690500,0.034816,0.035328,0.252416,23.700224,275.08096,295.716096,540.524544,562.94656
0000000127,3,1764489424655376600,0.023552,0.024064,0.504064,223.609344,270.02368,290.605056,537.349632,560.454144
0000000527,7,1764489424782726700,0.065792,0.06656,0.5184,77.408,127.651328,149.550336,399.5584,421.847808
0000000427,6,1764489424783356000,0.022784,0.023296,0.39552,72.556032,127.033088,147.636992,396.258048,418.606336
0000000227,4,1764489424790011000,0.039936,0.041216,0.32128,52.124672,295.077632,315.792128,540.505088,562.7584
0000000328,5,1764489425151919000,0.058624,0.059648,0.449024,60.67072,300.211968,320.900096,552.013568,575.369728
0000000128,3,1764489425155270700,0.024832,0.025344,0.788736,57.056256,298.715392,320.551424,549.296384,572.715776
0000000528,7,1764489425282834200,0.02688,0.027392,0.493824,119.776768,166.015232,186.68672,418.793216,440.710912
0000000428,6,1764489425283477200,0.03456,0.035072,0.34304,118.798592,167.107584,187.720704,419.668224,443.973632
0000000228,4,1764489425290147000,0.040448,0.041216,0.339456,59.244032,300.271616,320.933888,544.970752,568.56448
0000000329,5,1764489425651951900,0.02816,0.028672,0.261376,59.578368,113.525248,134.064384,357.560576,379.971072
0000000129,3,1764489425655234600,0.052224,0.054784,0.275712,72.510976,317.630208,338.327552,577.668608,599.309824
0000000529,7,1764489425782994200,0.027136,0.027648,0.393472,141.0752,189.447936,210.080512,449.264384,471.675648
0000000429,6,1764489425783577600,0.023296,0.023552,0.314624,140.45696,187.899392,208.48128,434.973696,458.085376
0000000229,4,1764489425790295000,0.055808,0.058624,0.30592,55.383552,105.795328,126.526208,354.223104,5376.548608
0000000330,5,1764489426152243200,0.038656,0.039424,0.38656,89.288448,134.212608,155.154944,380.909312,402.929408
0000000130,3,1764489426155363800,0.022272,0.022784,0.235776,85.600512,131.016448,151.654144,376.910848,398.940672
0000000530,7,1764489426283160600,0.036608,0.03712,0.716032,173.739776,227.591424,248.342272,476.738048,499.766016
0000000430,6,1764489426283724300,0.014848,0.015104,0.501248,158.5728,207.14112,227.766528,452.001536,474.94144
0000000230,4,1764489426290423000,0.035584,0.036352,0.269312,80.145664,118.006784,138.606336,373.07904,395.260416
0000000331,5,1764489426652210400,0.03712,0.037632,0.425728,110.164224,170.877696,191.494912,414.31168,5436.858112
0000000131,3,1764489426655468000,0.028672,0.029184,0.500992,106.8672,167.073792,187.664128,410.791424,433.39136
0000000531,7,1764489426783223000,0.022784,0.023552,0.35328,207.978752,254.603776,275.133696,506.916096,529.931776
0000000431,6,1764489426784321300,0.316928,0.335872,0.741376,174.440448,226.743808,247.643904,474.3744,496.46848
0000000231,4,1764489426790935800,0.045056,0.04608,0.713984,96.879104,138.964992,159.666944,389.751552,412.06144
0000000332,5,1764489427152467500,0.028416,0.035328,0.306688,141.93408,189.267712,210.040832,432.306944,454.653952
0000000132,3,1764489427155536000,0.043264,0.044032,0.36864,139.237888,188.796416,209.550592,429.614336,451.599872
0000000532,7,1764489427283460000,0.039168,0.03968,0.446976,27.691008,267.338496,287.945984,514.700544,538.028544
0000000432,6,1764489427284231200,0.03328,0.033792,0.279808,191.667968,227.565312,248.212736,478.311168,500.785664
0000000232,4,1764489427290929700,0.029952,0.030464,0.481792,111.458816,150.331392,170.897152,392.545792,414.914048
0000000333,5,1764489427652590800,0.038656,0.03968,0.344064,155.51616,210.5792,231.243776,457.313792,479.696128
0000000133,3,1764489427655634400,0.103168,0.103936,1.665792,153.794304,206.208256,226.952704,454.618624,476.911104
0000000533,7,1764489427783584500,0.028928,0.029184,0.488448,34.180096,277.631744,298.21312,524.9216,547.033088
0000000433,6,1764489427784304400,0.043008,0.043264,0.263424,198.860288,238.233344,258.865152,486.168064,508.590592
0000000233,4,1764489427790977000,0.01792,0.018176,0.55296,116.737536,161.211648,181.98528,409.242624,431.882752
0000000334,5,1764489428152748300,0.07552,0.089088,0.370176,179.917568,224.059904,244.91392,471.661056,494.542336
0000000134,3,1764489428155698000,0.02304,0.023552,0.356096,174.726912,220.750848,241.548032,468.677632,491.63008
0000000534,7,1764489428283622700,0.033536,0.033792,0.324608,49.234176,289.520896,310.255872,536.150784,558.301184
0000000434,6,1764489428284369000,0.033792,0.03584,0.342528,207.130624,251.727872,272.458496,498.661632,5521.508096
0000000234,4,1764489428291019000,0.024832,0.025088,0.252416,131.638784,174.67136,195.270912,421.728256,443.937024
0000000335,5,1764489428652817000,0.03584,0.036608,0.427008,203.20896,251.119872,272.028928,507.949824,530.34624
0000000135,3,1764489428655777000,0.018688,0.018944,0.2368,202.963968,248.361728,269.201408,506.322432,528.407808
0000000535,7,1764489428783805200,0.027136,0.027648,0.437504,55.749376,296.45824,317.344256,547.37024,5570.14912
0000000435,6,1764489428784404500,0.021248,0.021504,0.953856,227.74656,270.784768,291.599616,515.862784,538.034432
0000000235,4,1764489428791110100,0.016128,0.016384,0.30976,143.248384,184.641536,205.436416,426.842112,448.924928
0000000336,5,1764489429152992800,0.038656,0.039424,0.386816,25.021952,261.59232,282.354944,511.834624,533.47584
0000000136,3,1764489429155889400,0.021504,0.02176,0.318208,21.49248,260.315136,280.89344,506.575616,530.355968
0000000536,7,1764489429283982600,0.047872,0.048384,0.433664,64.172288,305.362432,326.0416,551.73376,573.604864
0000000436,6,1764489429284567000,0.019456,0.019712,0.625152,35.147776,276.1984,296.770304,525.020416,546.848
0000000236,4,1764489429291246300,0.03968,0.040704,0.590848,146.922496,188.954624,209.671168,433.971712,456.307968
0000000337,5,1764489429653124400,0.0384,0.038912,0.455424,25.8304,279.410688,299.98976,525.898752,548.603648
0000000137,3,1764489429656106800,0.023808,0.024064,0.453376,22.107648,278.671616,299.300864,524.28672,5546.835968
0000000537,7,1764489429784051500,0.02688,0.027136,0.397824,59.183104,125.550336,146.109184,374.679296,397.003008
0000000437,6,1764489429784720100,0.022528,0.02304,0.251648,44.246016,290.498304,311.246592,533.765632,555.877888
0000000237,4,1764489429791354400,0.039936,0.040192,0.219904,153.231872,190.104832,211.02464,436.659456,459.001344
0000000338,5,1764489430153257200,0.029696,0.030208,0.492288,49.942528,299.125248,320.718592,545.694464,568.996608
0000000138,3,1764489430156174300,0.027136,0.027392,0.3456,47.113472,298.457088,319.050496,546.308096,569.300736
0000000538,7,1764489430284190500,0.050944,0.051712,0.350464,100.6016,144.369408,165.211904,390.357248,412.69248
0000000438,6,1764489430284842200,0.024576,0.025088,0.26112,50.8992,287.729664,308.328448,535.478016,558.09664
0000000238,4,1764489430291446800,0.031744,0.032512,0.296192,161.821952,203.848704,224.701696,450.216704,472.448
0000000339,5,1764489430653379000,0.029184,0.02944,0.43392,56.8064,105.025024,125.743872,355.251712,377.861632
0000000139,3,1764489430656266800,0.031232,0.032,0.566016,61.848064,323.733248,344.506368,575.70048,598.298368
0000000539,7,1764489430784358700,0.08832,0.101888,0.356608,112.131072,177.006592,197.848064,431.634944,454.11712
0000000439,6,1764489430785001500,0.076288,0.078848,0.365056,54.578944,303.873024,324.553472,549.962752,571.68768
0000000239,4,1764489430791590400,0.036352,0.03712,0.332288,175.63392,226.845184,247.625472,487.179264,509.776128
0000000340,5,1764489431153378600,0.027136,0.027392,0.384768,82.094848,131.568896,152.142592,386.0032,408.12032
0000000140,3,1764489431156412700,0.024576,0.024832,0.343808,79.610112,158.138112,178.662912,416.88704,438.678528
0000000540,7,1764489431284421600,0.035328,0.036096,0.648448,154.179328,193.551104,214.49088,444.974848,467.753472
0000000440,6,1764489431285133800,0.029952,0.030464,0.301056,58.821376,100.600576,121.238784,343.48928,365.678336
0000000240,4,1764489431291691800,0.032768,0.03328,0.251136,212.956928,271.006464,291.58144,536.512,559.898368
0000000341,5,1764489431653465600,0.03712,0.038144,0.394496,110.262016,169.832448,190.715136,417.369856,440.475648
0000000141,3,1764489431656526600,0.022528,0.022784,0.285184,144.935936,194.405632,215.231744,445.509376,467.970304
0000000541,7,1764489431784554500,0.026624,0.027136,0.49024,173.714944,227.191808,247.763968,473.127936,495.264256
0000000441,6,1764489431785258800,0.03072,0.031488,0.28672,68.15744,109.966848,130.614016,355.240192,377.507072
0000000241,4,1764489431791811300,0.029696,0.030208,0.414208,60.553728,306.233088,326.990848,557.977856,581.21344
0000000342,5,1764489432153639700,0.037376,0.037888,0.327424,145.261056,194.787072,215.270912,447.592192,470.112
0000000142,3,1764489432156629800,0.023808,0.024064,0.195584,171.489536,219.338752,240.009216,472.89728,495.552
0000000542,7,1764489432284640500,0.16768,0.176384,0.47488,194.87616,232.158208,252.917504,474.418176,496.505344
0000000442,6,1764489432285361700,0.023552,0.024064,1.449728,81.392896,120.234752,140.706816,373.03808,395.480064
0000000242,4,1764489432291950800,0.03968,0.040192,0.283392,66.36928,109.142528,129.74336,359.061504,382.022912